,name,market_cap
0,Bitcoin,1206547874874
1,Ethereum,320467809737
2,Tether,115641341009
3,BNB,77731918080
4,Solana,72770697539
5,USDC,34458464328
6,XRP,33146383367
7,Lido Staked Ether,26151592301
8,Toncoin,16678213783
9,Dogecoin,15948639496
10,Cardano,12547526580
11,TRON,11197384701
12,Wrapped Bitcoin,9456295090
13,Avalanche,8732633922
14,Shiba Inu,8479382247
15,Bitcoin Cash,7001049871
16,Polkadot,6673494233
17,Chainlink,6497351308
18,LEO Token,5399751919
19,Dai,5230896904
20,Uniswap,4707349375
21,Litecoin,4618194421
22,NEAR Protocol,4585470992
23,Kaspa,4112003852
24,Wrapped eETH,4073479338
25,Polygon,4007318637
26,Pepe,3609339278
27,Internet Computer,3462654099
28,Ethena USDe,3115397653
29,Stellar,3004553592
30,Aptos,2916452807
31,Ethereum Classic,2895992781
32,Monero,2767009406
33,Cronos,2486109325
34,Sui,2330636458
35,Artificial Superintelligence Alliance,2325358988
36,Bittensor,2235032921
37,Stacks,2215864700
38,OKB,2212163649
39,Filecoin,2205968799
40,Mantle,2111196600
41,Hedera,2021481592
42,Cosmos Hub,1997727413
43,Arbitrum,1961890042
44,Render,1953415117
45,VeChain,1935424649
46,First Digital USD,1904646331
47,Immutable,1888266697
48,Injective,1879523703
49,Maker,1856147715
50,dogwifhat,1838323907
51,Optimism,1736620108
52,Rocket Pool ETH,1486131248
53,WhiteBIT Coin,1483114665
54,Arweave,1461384199
55,Bonk,1439384859
56,The Graph,1420720562
57,Aave,1408562111
58,Bitget Token,1315288596
59,Mantle Staked Ether,1302111783
60,Renzo Restaked ETH,1273956533
61,FLOKI,1244467609
62,Notcoin,1230855952
63,Theta Network,1198499383
64,Jupiter,1187216384
65,Celestia,1164093078
66,Ondo,1160824512
67,THORChain,1138687137
68,Pyth Network,1103676428
69,Helium,1079616043
70,JasmyCoin,1064596297
71,Algorand,1006083736
72,Fantom,997292849
73,Quant,995615058
74,Lido DAO,987905877
75,Brett,980799864
76,Core,980683669
77,Gate,951963730
78,Sei,934492149
79,MANTRA,898599103
80,ether.fi Staked ETH,891817971
81,Flow,853801606
82,Bitcoin SV,848540989
83,Fasttoken,809973101
84,Marinade Staked SOL,802924135
85,MultiversX,783885444
86,KuCoin,770361536
87,Flare,751777070
88,BitTorrent,748428457
89,Beam,747027279
90,USDD,743150428
91,EOS,737119557
92,Akash Network,725978422
93,Axie Infinity,718996438
94,PayPal USD,705836626
95,NEO,694918110
96,Tezos,682406519
97,Tokenize Xchange,679863506
98,Kelp DAO Restaked ETH,673562344
0,GALA,653478314
1,Ethereum Name Service,648100282
2,Frax,647605253
3,Starknet,646886662
4,eCash,634097863
5,Zcash,624189016
6,The Sandbox,618933043
7,ORDI,616403552
8,Worldcoin,610290216
9,NEXO,609775548
10,Conflux,602829458
11,Tether Gold,599573119
12,Popcat,592316644
13,Ethena,589114418
14,SATS (Ordinals),575547477
15,Wormhole,575311389
16,Coinbase Wrapped Staked ETH,562686483
17,AIOZ Network,562494465
18,Mog Coin,547977563
19,Ronin,546410828
20,Decentraland,523682046
21,Chiliz,514817805
22,BOOK OF MEME,512545544
23,Raydium,511553994
24,Mina Protocol,510066465
25,Frax Ether,507907225
26,Klaytn,497870650
27,TrueUSD,495512554
28,IOTA,463635500
29,Terra Luna Classic,463463778
30,cat in a dogs world,456561092
31,PAX Gold,455188745
32,Gnosis,453686294
33,DeXe,445292554
34,Astar,443883858
35,Pendle,443052791
36,Synthetix Network,438208247
37,Oasis Network,434179330
38,ZKsync,433376195
39,Axelar,432008411
40,Livepeer,423411680
41,ApeCoin,420139548
42,Swell Ethereum,418812590
43,Aerodrome Finance,409773063
44,USDB,406473337
45,Bitcoin Gold,404703719
46,LayerZero,403946127
47,Staked Frax Ether,399505125
48,SafePal,394671556
49,Nervos Network,393750681
50,XDC Network,392451355
51,PancakeSwap,390412347
52,Theta Fuel,385811913
53,APENFT,383436456
54,Trust Wallet,379573702
55,Safe,367896287
56,Kava,366332380
57,MX,358860648
58,H2O Dao,358725510
59,Compound,353384146
60,1inch,345505947
61,Beldex,341081379
62,Jito,339029763
63,IoTeX,330382932
64,Ondo US Dollar Yield,326727458
65,DOG•GO•TO•THE•MOON (Runes),324055940
66,Bitcoin Avalanche Bridged (BTC.b),321335907
67,Aevo,318858794
68,Illuvium,307351575
69,Stader ETHx,306490577
70,ConstitutionDAO,305847444
71,WEMIX,304440353
72,Galxe,302770626
73,Curve DAO,301944630
74,Golem,299486182
75,Dash,298771887
76,Radix,296933229
77,Turbo,296267462
78,Aragon,295568331
79,Venom,294333332
80,Amp,292880167
81,aelf,290437279
82,WOO,290277469
83,Gravity,289671398
84,CorgiAI,285945739
85,Blur,284737855
86,Arkham,279914951
87,Manta Network,275369575
88,Kusama,274551592
89,Tribe,273916337
90,Memecoin,273406590
91,Osmosis,273235403
92,Dymension,273029926
93,JUST,269760985
94,GMT,267993559
95,Echelon Prime,267565369
96,Zilliqa,267511140
97,0x Protocol,266774309
98,SuperVerse,265767527
99,cWBTC,265546690
100,Siacoin,265078707
101,Ankr Network,262775167
102,Celo,260102050
103,MMX,257241832
104,Aethir,257042871
105,Holo,255653586
106,Basic Attention,250636875
107,Ether.fi,250279996
108,Rocket Pool,248496476
109,PepeCoin,247108589
110,Terra,245878785
111,Arbitrum Bridged USDC (Arbitrum),245172462
112,Avail,244661798
113,ZetaChain,243756041
114,GMX,241010941
116,Polymesh,240392672
117,Threshold Network,238338644
118,Neiro on ETH,237728510
119,Qtum,236880492
120,Liquid Staked ETH,236814877
121,Enjin Coin,235844570
122,Ravencoin,231881608
123,Ultima,231451799
124,SingularityNET,231055553
125,Gas,230944511
126,OUSG,224414809
127,Blast,218645840
128,EthereumPoW,217333083
129,Olympus,216721139
130,OriginTrail,216072032
131,PONKE,211740279
132,AltLayer,209850445
133,Goldfinch,206662258
134,Qubic,206158207
135,Mask Network,206140649
136,NEM,205483934
137,Reserve Rights,203538062
138,cETH,202306591
139,Nexus Mutual,201002990
140,Convex Finance,200523395
141,Metis,198878201
142,Wrapped Beacon ETH,198044400
143,Biconomy,197866483
144,MimbleWimbleCoin,196744984
145,Non-Playable Coin,196412250
146,PAAL AI,196009664
147,tBTC,190313887
148,CoinEx,189058670
149,SKALE,184334427
150,BENQI Liquid Staked AVAX,183549242
151,Flux,180694490
152,Casper Network,179499993
153,UMA,175741314
154,Zignaly,174530422
155,Centrifuge,174106338
156,yearn.finance,173585941
157,SwissBorg,173004410
158,Mythos,171954698
159,API3,168937953
160,Chia,168813724
161,SPACE ID,167838346
162,VeThor,167299679
163,Band Protocol,166437664
164,Baby Doge Coin,165976263
165,Loopring,165202533
166,Decred,165171837
167,io.net,162772828
168,Alchemix USD,162017127
169,Hivemapper,160145309
170,Frax Share,160097351
171,Osaka Protocol,157813846
172,Rollbit Coin,157077471
173,Creditcoin,155203196
174,Tellor Tributes,154362994
175,Ontology,154144938
176,Aleph Zero,153680048
177,Audius,153527698
178,Metaplex,153301730
179,Moonbeam,150189022
180,Arcblock,149969728
181,MAGA,149022240
182,Yield Guild Games,147892092
183,SSV Network,145713376
184,FINSCHIA,144645222
185,Ocean Protocol,144362731
186,Chromia,144350533
187,Delysium,142983147
188,Across Protocol,142734100
189,Open Campus,141901260
190,Moca Coin,139876618
191,Nosana,139845688
192,Escoin,138420708
193,Lisk,138338852
194,Harmony,137687113
195,Helium Mobile,137390647
196,ICON,137026341
197,Gigachad,137002244
198,Kadena,136569269
199,STASIS EURO,135482196
200,0x0.ai: AI Smart Contract,134129136
201,Horizen,132791102
202,BounceBit,132556802
203,Alephium,132434388
204,Neutron,132154759
205,Bitkub Coin,131412816
206,Saga,130846346
207,Solar,130335349
208,OKT Chain,130159334
209,COTI,129847632
210,Banana Gun,129440557
211,Renzo Restaked LST,128683654
212,Telcoin,128646264
213,Blox,128642614
214,Taiko,128488911
215,MUMU THE BULL,128473307
216,HarryPotterObamaSonic10Inu (ETH),127860797
217,World Mobile Token,127236354
218,Orca,126829009
219,Vanar Chain,126760826
220,VVS Finance,126640461
221,Gomining Token,126511961
222,Orbs,123867244
223,TokenFi,122636164
224,Nano,121737301
225,Xai,121235781
226,Elixir deUSD,120885209
227,Ozone Chain,120422018
228,Paycoin,118879021
229,DigiByte,118591525
230,Metars Genesis,118488571
231,WHY,118197062
232,Ampleforth,118163331
233,WAX,117728532
234,Balancer,117217680
235,ECOMI,116814576
236,Universal ETH,116593805
237,Sushi,116542917
238,Waves,116121159
239,Maple,116021630
240,Ontology Gas,115232074
241,WUFFI,114384899
242,Wexo,113474638
243,NKYC Token,111973967
244,Pax Dollar,111084146
245,BitMart,111048499
246,Purr,111029920
247,Cartesi,110375194
248,Kinesis Gold,109059208
249,JOE,108959544
250,Everscale,108168359
251,Bone ShibaSwap,107713606
252,TrueFi,107274065
253,Marlin,106513249
254,LCX,106265008
255,Venus,105979230
256,iExec RLC,104892224
257,Powerledger,104839380
258,Pixels,104497472
259,GHO,104475075
260,Polygon Ecosystem Token,104403140
261,Bounce,103623334
262,Kinesis Silver,103088608
263,Pundi X,102856692
264,BTSE Token,102835806
265,CHEX Token,101923333
266,Coin98,101381820
267,Smooth Love Potion,100769532
268,Prom,100369218
269,IQ,100133290
270,Tokenlon,99857463
271,Apu Apustaja,99773255
272,IOST,99417884
273,StakeWise Staked ETH,99378975
274,Kendu Inu,99098535
275,NetMind Token,98973824
276,Gemini Dollar,98846506
277,Alchemy Pay,98077793
278,Songbird,97976867
279,BORA,97533492
280,MVL,97506454
281,TerraClassicUSD,97224544
282,BasedAI,96064435
283,Coq Inu,95884057
284,NodeAI,95747920
285,Big Time,95426528
286,crvUSD,95221008
287,Magic,95154394
288,Instadapp,95153659
289,Zentry,94923900
290,Stratis,93716419
291,Dusk,93577653
292,Function X,93270365
293,ANDY ETH,91502026
294,Numeraire,91096062
295,Merlin Chain,91021651
296,Wrapped QUIL,90143680
297,Sun Token,90090648
298,SmarDex,89924493
299,BakerySwap,89890645
300,Myro,89514472
301,ALEX Lab,89168964
302,Oraichain,88709524
303,Milady Meme Coin,88704092
304,ApeX,88529738
305,USDX,88439958
306,michi,88093628
307,Seedify.fund,86983852
308,MOG TRUMP,86901786
309,DAO Maker,86535193
310,Gains Network,86525369
311,Origin Ether,86036273
312,Status,85773029
313,MiL.k Alliance,85613641
314,Verus,85392178
315,My Neighbor Alice,85271269
316,Bazaars,85028470
317,Lista DAO,84943919
318,Mines of Dalarnia,84793628
319,dKargo,84228456
320,Euler,84092174
321,Fusionist,83338149
322,DOLA,83227346
323,Hive,83180282
324,Omni Network,83055219
325,inSure DeFi,82208988
326,Energy Web,82043015
327,Slerf,82036839
328,WINkLink,82035964
329,MCOIN,81462048
330,RSS3,80706716
331,Steem,80322727
332,Synapse,80217993
333,Stargate Finance,72785586
334,STP,71515276
335,Spell,71092639
336,Nym,71019328
337,ANyONe Protocol,70542938
338,HashAI,70521034
339,Boba Network,70061640
340,Ecoin,69557844
341,Constellation,69288519
342,Dent,69152110
343,Dogelon Mars,69091943
344,Moonriver,68708919
345,Medibloc,68687622
346,PHALA,68321513
347,Hooked Protocol,68228137
348,Radiant Capital,68171631
349,Polyhedra Network,67640789
350,Kyber Network Crystal,67545859
351,Shentu,67528416
352,QuarkChain,67518616
353,Spectral,67072047
354,Dora Factory,66887781
355,Artificial Liquid Intelligence,66711918
356,Wilder World,66587387
357,RSK Infrastructure Framework,66421906
358,Civic,66130106
359,The Doge NFT,66124816
360,Request,65438561
361,Overnight.fi USD+,65350545
362,CYBER,65264321
363,Liquity USD,64979273
364,XPLA,64871327
365,DODO,64748148
366,Velo,64677924
367,Drift Protocol,64614525
368,StormX,64436952
369,Propy,63968843
370,Degen (Base),63882260
371,Dione,63867027
372,ChainGPT,63370886
373,ARK,63011177
374,Covalent X Token,62675537
375,Secret,62673279
376,Celer Network,62515791
377,WazirX,62067494
378,Keep Network,62015300
379,Bluzelle,61433695
380,Verge,61365788
381,Adventure Gold,61327244
382,BENQI,61284481
383,Clearpool,61208947
384,Smoking Chicken Fish,61171999
385,Bancor Network,60958588
386,Hifi Finance,60393232
387,Clash of Lilliput,60233349
388,Ergo,60123476
389,Hippocrat,60098994
390,Aurora,60067053
391,Syscoin,59981273
392,Marblex,59933184
393,Shadow Token,59892023
394,LeverFi,59741430
395,Avalanche Bridged USDC (Avalanche),59579406
396,Oasys,59014807
397,Acala,58837482
398,TriasLab,58648472
399,Polymath,58298226
400,GameBuild,57900399
401,Snek,57867663
402,Victoria VR,57867015
403,Pangolin,56768397
404,Hunt,56682593
405,Stride,56319553
406,Solidus Ai Tech,56227644
407,SaitaChain Coin,56215505
408,Renzo,55979546
409,Frontier,55900417
410,Kujira,55576349
411,Magic Internet Money (Ethereum),55417808
412,Forta,54947976
413,Velodrome Finance,54783488
414,BOBO Coin,54763336
415,Radio Caca,54641428
416,Storj,54556424
417,QuantCheck,54242082
418,Bifrost,54235788
419,Access Protocol,54217752
420,ViciCoin,54059485
421,Radworks,53819611
422,Tokamak Network,53444953
423,KOGE,53442181
424,Badger,53439080
425,Crown by Third Time Games,53085709
426,PlatON Network,53083212
427,Tenset,52991613
428,Sleepless AI,52827601
429,cUSDC,52760444
430,OctaSpace,52657393
431,AI Analysis Token,51567199
432,Gelato,51477604
433,Poollotto.finance,51061310
434,Vyvo Smart Chain,51008769
435,Ethernity Chain,50640281
436,ArbDoge AI,50639535
437,Nakamoto Games,45268351
438,Magpie,44752360
439,Mountain Protocol USD,44732942
440,MAP Protocol,44534859
441,Portal,44483680
442,Kamino,44392602
443,Loom Network (OLD),44344154
444,Persistence One,44300821
445,Mister Miggles,44188501
446,Karrat,43651767
447,Tensor,43624379
448,Stafi,43580387
449,Metadium,43326413
450,Wojak,43307831
451,Zano,43184001
452,Maverick Protocol,43048657
453,Daddy Tate,43038745
454,Save,42899691
455,Spacemesh,42520599
456,Sologenic,42378234
457,LTO Network,42349124
458,Mainframe,41850245
459,Boba Oppa,41699269
460,DexTools,41698652
461,Matr1x,41679095
462,Bitget Wallet Token,41662868
463,Aavegotchi,41415247
464,Elastos,41400262
465,OmniFlix Network,41337863
466,Ankr Staked ETH,41330256
467,EURC,41249912
468,Alien Worlds,41223667
469,Sanctum Infinity,41077698
470,Beta Finance,41068765
471,Snowbank,40898063
472,REI Network,40858610
473,QANplatform,40814432
474,Mobox,40786715
475,UXD Protocol,40534541
476,PunkCity,40506706
477,NEURALAI,40285047
478,Clover Finance,40163997
479,RigoBlock,40111458
480,Orion,40086541
481,Cortex,39952421
482,Orchid Protocol,39852112
483,crow with knife,39662192
484,Gitcoin,39509897
485,Perpetual Protocol,39053582
486,AUSD,39044713
487,pSTAKE Finance,38630303
488,Bitgert,38575203
489,Aergo,38122210
490,MANEKI,38092493
491,cDAI,37917696
492,Automata,37883966
493,MELD,37783567
494,Ren,37752275
495,MATH,37200100
496,Aave [OLD],37195377
497,Tectum,37194103
498,Bitcoin Wizards,37081631
499,Onyxcoin,36961144
500,Lista USD,36936488
501,Sai,36819834
502,CargoX,36585740
503,Autonolas,36469527
504,Whiteheart,36091436
505,zkRace,36084584
506,RAMP [OLD],35810099
507,GameFi.org,35775460
508,Litentry,35757360
509,ThunderCore,35752302
510,Chainflip,35624817
511,Bean,35618004
512,Electroneum,35585974
513,Cream,35550319
514,MEMES•GO•TO•THE•MOON (Runes),35376768
515,Moon Tropica,35316366
516,DIA,35216615
517,Seamless Protocol,35162721
518,DeGate,35039093
519,LooksRare,34953718
520,Peapods Finance,34910621
521,Celo Dollar,34847041
522,Contentos,34787679
523,Helium IOT,34717042
524,Dream Machine Token,34599315
525,Tokemak,34455916
526,AllianceBlock Nexera,34387179
527,LandWolf,34335904
528,Wrapped Centrifuge,34253418
529,Steem Dollars,34218972
530,FUNToken,34174670
531,Viction,34097569
532,Pirate Chain,34082307
533,Boson Protocol,34000808
534,Habibi (Sol),33940131
535,DIMO,33878252
536,ARPA,33867915
537,Flamingo Finance,33861263
538,DEAPCOIN,33654583
539,Basenji,33641941
540,Strike,33618030
541,VitaDAO,33535160
542,Hive Dollar,33521199
543,ECOx,33493410
544,A Hunters Dream,33387465
545,OMG Network,33379274
546,Bonfida,33180899
547,Pundi X [OLD],33134255
548,Dimitra,33121555
549,VaultCraft,33120799
550,Moonwell,32973878
551,Skey Network,32855162
552,Fidu,32665901
553,Propbase,32598915
554,Doge Killer,32575782
555,Carry,32545009
556,Kin,32469031
557,StrikeX,32448259
558,CHEQD Network,32403741
559,THORSwap,32305740
560,e-Radix,32276007
561,Swarm Markets,32267843
562,Samoyedcoin,32166149
563,Ultra,32139486
564,Concordium,32063112
565,WeatherXM,32036407
566,Ampleforth Governance,31993481
567,Wanchain,31966726
568,EverGrow Coin,31613058
569,COMBO,31497719
570,Rich Quack,31144715
571,Router Protocol [OLD],31050384
572,TRAC (Ordinals),31012087
573,Miracle Play,31011870
574,LinqAI,30959568
575,Kishu Inu,30883260
576,Euro Tether,30775549
577,PaLM AI,30762692
578,Kenshi,30690748
579,Rally,30602458
580,SWFTCOIN,30503439
581,sETH,30483113
582,Guild of Guardians,30406624
583,Grok,30238651
584,Football at AlphaVerse,30113757
585,Paris Saint-Germain Fan Token,29885671
586,Sovryn,29854447
587,IDEX,29836097
588,Opulous,29754057
589,Firmachain,29620246
590,Cloud,29601075
591,Cornucopias,29424354
592,AVA,29405099
593,TempleDAO,29346686
594,Pixer Eternity,29311226
595,Alchemix,29282099
596,Foxy,29250571
597,PlayDapp,29213515
598,Star Atlas DAO,29136784
599,BIM,29070372
600,Quasar,29031840
601,Aura Finance,29006741
602,Vertex,28974030
603,SX Network,28906448
604,CEEK Smart VR,28738181
605,Apeiron,28695763
606,Iron Fish,28574109
607,Zedxion,28569942
608,Linear,28552488
609,GXChain,28459171
610,Star Atlas,28451753
611,AscendEx,28172074
612,Connex,28131962
613,Agoric,28123253
614,UXLINK,28061578
615,aura,28031106
616,Dexalot,28000302
617,Vaiot,27826196
618,SaucerSwap,27764645
619,NULS,27616907
620,district0x,27552782
621,MAI,27549056
622,JPEG'd (OLD),27527925
623,Phoenix Global [OLD],27423032
624,Decimal,27344234
626,Verasity,27314838
627,Chainge,27164769
628,WigoSwap,27004135
629,Groestlcoin,27003354
630,BurnedFi,26957689
631,Clore.ai,26928683
632,Hacken,26889103
633,BLOCKv,26841970
634,Reef,26801692
635,AirDAO,26785499
636,ELYSIA,26494683
637,Vtrading,26438103
638,Advertise Coin,26398370
639,Hoppy,26297788
640,Polkastarter,26245913
641,SingularityDAO,26119876
642,ShapeShift FOX,26112867
643,Sentinel Protocol,26005456
644,SelfKey,25898267
645,Gifto,25770655
646,GoGoPool,25694416
647,AMATERASU OMIKAMI,25633079
648,Agoras: Currency of Tau,25628903
649,Sidus,25551616
650,Iagon,25382030
651,Marinade,25375527
652,Ice Open Network,25237188
653,Numbers Protocol,25231716
654,Merit Circle,25212408
655,StorX,25209685
656,HOPR,25014021
657,CrossFi,24988599
658,LUKSO [OLD],24953804
659,Puff The Dragon,24934809
660,APF coin,24828200
661,Aleph.im,24753345
662,Biswap,24722643
663,Gamer Arena,24717554
664,Bella Protocol,24638329
665,Stride Staked DYDX,24594832
666,PolySwarm,24552395
667,Harvest Finance,24504758
668,CANTO,24402267
669,IRISnet,24331054
670,Measurable Data,24315363
671,GME,24298717
672,Coinweb,24298278
673,Streamr,24270683
674,XSGD,24257518
675,AhaToken,24252143
676,Stratos,24202506
677,flexUSD,23951851
678,Mossland,23939121
679,MON Protocol,23863917
680,Keep3rV1,23792603
681,VeraOne,23764266
682,XT.com,23705250
683,cBAT,23619095
684,BFG Token,23585772
685,Shuffle,23568506
686,Laine Staked SOL,23425900
687,Financial Freedom Formula,23413651
688,Meta Monopoly,23403278
689,catwifhat,23356863
690,Arc,23352322
691,Quickswap [OLD],23350897
692,Parcl,22997661
693,Enzyme,22944899
694,ThetaDrop,22931796
695,PinkSale,22927387
696,Blockasset,22876785
697,SUKU,22820389
698,Jackal Protocol,22665875
699,Sabai Protocol,22609306
700,Unifi Protocol DAO,22606089
701,Electronic USD,22560642
702,Stader,22532079
703,ResearchCoin,22508053
704,Shrapnel,22459132
705,Plxyer,22433236
706,Beefy,22420101
707,Alpha Quark,22392892
708,Huobi BTC,22308066
709,Klever,22305248
710,Gyroscope GYD,22203900
711,Platypus USD,22186336
712,PepeFork,22005934
713,Stargaze,21991489
714,EURA,21953460
715,Streamr XDATA,21800296
716,MAGA Again,21776211
717,Fideum,21721042
718,Ancient8,21606087
719,Taraxa,21542577
720,ZTX,21529179
721,GAMEE,21523899
722,Stronghold,21523119
723,Neon,21522877
724,Xido Finance,21499705
725,Impossible Finance Launchpad,21473510
726,UniLend Finance,21449884
727,PUPS (Ordinals),21447795
728,AdEx,21328228
729,Stride Staked Atom,21312215
730,HairDAO,21309530
731,Multibit,21266161
732,Atlas Navi,21170372
733,Cere Network,21165248
734,Tokocrypto,21025224
735,Voxies,21006802
736,XPR Network,21006414
737,Aura BAL,20941663
738,KILT Protocol,20833187
739,Diamond,20828518
740,AxonDAO Governance Token,20782327
741,OX Coin,20768977
742,zKML,20747061
743,MAGA Hat,20721252
744,Hatom,20620664
745,Sentinel,20576313
746,Geodnet,20564122
747,Crypto Asset Governance Alliance,20551173
748,OORT,20524539
749,dForce,20496164
750,Azuro Protocol,20483305
751,Aquarius,20436879
752,T-mac DAO,20398869
753,DUKO,20363441
754,KlimaDAO,20340058
755,Bamboo on Base,20320261
756,Blendr Network,20287352
757,Quickswap,20257954
758,GraphLinq Chain,20189033
759,VGX Token,20187889
760,Cetus Protocol,20186543
761,NuNet,20125105
762,Tectonic,20009301
763,FC Barcelona Fan Token,19960025
764,Lido Staked SOL,19942413
765,Matr1x Fire,19939407
766,MOOxMOO,19936285
767,Polytrade,19912482
768,Fwog,19601088
769,ParaSwap,19598481
770,Decentral Games,19592884
771,Layer3,19508273
772,BarnBridge,19502465
773,SideShift,19433318
774,Koinos,19371370
775,XCAD Network,19344609
776,DeFiChain,19304090
777,Brainlet,19269423
778,Entangle,19213090
779,Mango,19206599
780,Doland Tremp,19189457
781,Fulcrom,19182415
782,Megalink,19126659
783,AIT Protocol,19095926
784,Kitten Haimer,19074302
785,SafeMoon,19062450
786,Ordiswap,19056077
787,PAID Network,19003508
788,BILLION•DOLLAR•CAT (Runes),18998525
789,Wing Finance,18989894
790,RARI,18974595
791,Manchester City Fan Token,18956365
792,Orby Network USC Stablecoin,18928897
793,Tapioca DAO Token,18891265
794,iMe Lab,18890637
795,WEWECOIN,18871853
796,BTU Protocol,18858497
797,Foxsy AI,18816553
798,Planet Mojo,18810245
799,PacMoon,18741700
800,PIXL,18722908
801,zkLink,17347137
802,Moonchain,17330826
803,PIVX,17298929
804,Kwenta,17268142
805,Planet IX,17240861
806,KONDUX,17208572
807,APX,17125489
808,Botto,17085645
809,BOB Token,17049872
810,Altura,17043252
811,Fimarkcoin.com,17037888
812,Film.io,16970962
813,Nimiq,16970122
814,Metahero,16902360
815,Volt Inu,16856710
816,Dero,16835052
817,Extra Finance,16792819
818,NATIX Network,16777496
819,PARSIQ,16745086
820,Swarm,16733561
821,Alkimi,16731752
822,Mdex (HECO),16719015
823,Mars Protocol,16712299
824,Welshcorgicoin,16711338
825,Index Cooperative,16710582
826,MAD,16659518
827,Meter Governance,16653350
828,Karate Combat,16640159
829,Thala,16631540
830,3SPACE ART,16518423
831,Aventus,16462581
832,KYVE Network,16452026
833,TokenPocket Token,16431028
834,DexNet,16397145
835,HYCHAIN,16371927
836,Octokn,16365132
837,Zypto Token,16356735
838,Ellipsis [OLD],16337964
839,Hydration,16287190
840,Catcoin,16285284
841,OHO Blockchain,16251891
842,CyberDEX,16248244
843,Redacted,16187048
844,Super Trump,16002766
845,League of Kingdoms,15952421
846,PAW,15936333
847,TRRXITTE International,15898063
848,FLEX Coin,15819485
849,Truflation,15803042
850,Hex Trust USD,15800388
851,Mode,15743007
852,IlluminatiCoin,15714013
853,Kamala Horris,15599263
854,Firo,15589766
855,MaidSafeCoin,15549927
856,JumpToken,15537317
857,Inverse Finance,15482035
858,Banana Tape Wall,15478019
859,Baklava,15473800
860,Morpheus Network,15387360
861,tomiNet,15305183
862,MELD [OLD],15235944
863,WiFi Map,15215012
864,Galatasaray Fan Token,15168779
865,xSUSHI,15145370
866,Dmail Network,15050338
867,ChompCoin,15018703
868,Index Coop - ETH 2x Flexible Leverage Index,14988989
869,Saito,14980186
870,AirSwap,14955768
871,Cryptex Finance,14948424
872,Aurory,14928986
873,Avalaunch,14917635
874,Dark MAGA,14910354
875,Pluton,14897656
876,Pepe 2.0,14895392
877,Shark Cat,14886092
878,Alpaca Finance,14853684
879,xExchange,14795047
880,RCH Token,14784225
881,dForce USD,14711895
882,TROY,14653132
883,Chain-key Bitcoin,14628365
884,VIDT DAO,14621089
885,Libra Incentix,14588277
886,FIO Protocol,14579019
887,sUSD,14576461
888,Solcasino Token,14574432
889,STEPN Green Satoshi Token on Solana,14569968
890,DeFi Pulse Index,14540203
891,DAYSTARTER,14498476
892,Nexa,14473482
893,SpaceN,14436191
894,Soil,14429549
895,Santos FC Fan Token,14422457
896,Evmos,14409810
897,Pintu,14374352
898,MUX Protocol,14357220
899,Spectre AI,14216840
900,Waffles,14207895
901,HyperGPT,14202036
902,Veno Finance,14178890
903,Quantum Resistant Ledger,14094576
904,Velas,14043324
905,ScPrime,13985011
906,Catgirl,13970611
907,Fluence,13969298
908,Stader BNBx,13955290
909,Astroport,13949414
910,BXN,13911190
911,ParagonsDAO,13909825
912,mfercoin,13876478
913,BiLira,13820144
914,Mintlayer,13730889
915,Arianee,13670016
916,Lumerin,13656672
917,Cakepie,13636106
918,Shiba Predator,13604809
919,Tree,13599530
920,Peng,13592422
921,Shido,13572320
922,Bitcoin Diamond,13540102
923,KRYLL,13507895
924,Solanium,13504751
925,Camelot Token,13435086
926,Beercoin,11490131
927,TARS Protocol,10020286
928,RabbitX,10013312
929,Hydro Protocol,10002481
930,PowerPool Concentrated Voting Power,9991114
931,Goldcoin,9947938
932,WXT Token,9930292
933,Badmad Robots,9904917
934,School Hack Coin,9888097
935,sBTC,9883419
936,Dacxi,9880041
937,SuperWalk GRND,9856483
938,LIL BUB,9819867
939,Rangers Protocol Gas,9799192
940,THORWallet DEX,9751563
941,HELLO,9741452
942,Ambire Wallet,9693156
943,FARCANA,9689134
944,Viberate,9684992
945,SIPHER,9680590
946,Fud the Pug,9680090
947,Frax Price Index Share,9679248
948,Shyft Network,9629524
949,XEN Crypto,9622384
950,Wise,9605150
951,PolyDoge,9583518
952,BurgerCities,9565050
953,Tensorplex Staked TAO,9554223
954,QORPO WORLD,8294373
955,StakeWise,7732373
956,UPCX,7728974
957,Karura,7723242
958,GameGPT,7717028
959,Financie Token,7678016
960,Bill the Bear,7651872
961,Robonomics Network,7650161
962,Stobox,7634730
963,VNX Swiss Franc,7632833
964,ZKBase,7597576
965,Obyte,7581639
966,Ovr,7578832
967,TRVL,7566894
968,BabyBonk,7441412
969,WATER Coin,7426326
970,UXD Stablecoin,7411167
971,LEOX,7390394
972,Enjinstarter,7382218
973,Rejuve.AI,7374639
974,Gleec Coin,7363645
975,00 Token,7361108
976,Celsius Network,7346201
977,Decimated,7345392
978,Handshake,7313273
979,UFC Fan Token,7309348
980,EarnBet,7294266
981,Geojam,7292744
982,Pikaboss,7225842
983,Project WITH,7222904
984,Thetanuts Finance,7216066
985,Bifrost Native Coin,7194154
986,bitsCrunch Token,7192684
987,ORC,7191460
988,DeepBrain Chain,7185367
989,NPC On Solana,7160881
990,Premia,5892335
991,Bag,5859104
992,DeFi,5846644
993,Orbofi AI,5834523
994,Guacamole,5830618
995,DOVU,5821676
996,Oxygen,5820828
997,Gamium,5814133
998,MINATIVERSE,5809654
999,SNPad,5794705
1000,ZBIT (Ordinals),5778513
1001,Seedify NFT Space,5775470
1002,HbarSuite,5774918
1003,higher,5773556
1004,IPOR,5768517
1005,Thena,5763253
1006,Maha,5760434
1007,Landshare,5752190
1008,Bitcoin 2,5739790
1009,Switch Token,5732647
1010,Ferro,5724893
1011,Energi,5718678
1012,Affyn,5705890
1013,Kizuna,5695337
1014,Thought,5694709
1015,Zoomer,5694086
1016,DuckyDuck,5690258
1017,BFIC Coin,5680863
1018,Bitcoin on Base,5672457
1019,Torum,5667187
1020,MangoMan Intelligent,5658543
1021,Genopets,5653976
1022,Everdome,5630916
1023,MetaTrace,5629614
1024,BountyMarketCap,5623737
1025,zbyte,5620420
1026,Era Swap,5619656
1027,Base God,5616452
1028,Neoxa,5607395
1029,SnailBrook,5602131
1030,Increment Staked FLOW,5580423
1031,VIP,5579611
1032,Everest,5579235
1033,Hemule,5571695
1034,Balanced,5566570
1035,Gari Network,5555482
1036,XDB CHAIN,5549109
1037,Boomer,5539314
1038,Witch Token,5537116
1039,Ref Finance,5521816
1040,Divergence Protocol,5510250
1041,Feisty Doge NFT,5507267
1042,Skeb,5500373
1043,FOAM,5483201
1044,GET Protocol,5472421
1045,VLaunch,5468110
1046,Blockchain Brawlers,5466098
1047,eUSD,5465596
1048,azit,5465082
1049,Swash,5447906
1050,Elastic Finance Token,5445340
1051,Hacash Diamond,5435949
1052,BOSagora,5431263
1053,Kryptonite,5418180
1054,Tap,5409074
1055,BlueMove,5403148
1056,Adappter,5383500
1057,Planet Token,5377592
1058,AQTIS,5372769
1059,Zynecoin,5372384
1060,LocalCoinSwap,5360785
1061,Paribus,5350616
1062,NvirWorld,5331096
1063,TAO INU,5329024
1064,Epik Prime,5319202
1065,Nuklai,5316497
1066,Arcana Network,5316389
1067,GuildFi,5297686
1068,BobaCat,5296242
1069,Smart Valor,5292742
1070,Covalent Query Token,5264840
1071,BABB,5240106
1072,Tori the Cat,5236467
1073,Permission Coin,5229782
1074,Fight to MAGA,5209295
1075,AlienBase,5202445
1076,FU Money,5172085
1077,UX Chain,5171676
1078,Chihuahua Chain,5165451
1079,LandX Governance Token,5156325
1080,GME (Ethereum),5142981
1081,Eesee,5125834
1082,Oxen,5124339
1083,Hubble,5119626
1084,AtPay,5118207
1085,Grape,5105381
1086,Dragonchain,5100671
1087,Mancium,5098373
1088,Creo Engine,5097066
1089,Timeless,5092015
1090,JetTon Games,5075776
1091,YOM,5070386
1092,Xelis,5067798
1093,REVV,5062083
1094,Witnet,5060446
1095,Blockchain Bets,5058319
1096,Validity,5038310
1097,Coconut Chicken,5035927
1098,Ferrum Network,5017209
1099,Chickencoin,5010278
1100,Diment Dollar,4991351
1101,Lossless,4981747
1102,Circuits of Value,4979258
1103,Not Financial Advice,4978976
1104,Spool,4977081
1105,Prisma mkUSD,4969470
1106,Humanode,4967824
1107,LEO,4967067
1108,Jester,4961548
1109,Kamaleont,4954523
1110,Open Custody Protocol,4952772
1111,SpaceCatch,4943078
1112,Velar,4935848
1113,TG.Casino,4935840
1114,MESSIER,4926752
1115,Presearch,4925832
1116,Huralya,4910493
1117,BitcoinBam,4890052
1118,Aventis AI,4875864
1119,Mistery,4869114
1120,Defactor,4862094
1121,Bitrock,4856117
1122,KOALA AI,4827037
1123,GG MetaGame,4826765
1124,Nash,4824321
1125,Massa,4812748
1126,BEAM,4807616
1127,Byte,4803270
1128,I love puppies,4782427
1129,Wall Street Memes,4775426
1130,RAI Finance,4771581
1131,Receive Access Ecosystem,4750032
1132,GemHUB,4747731
1133,WOM Protocol,4731836
1134,Dark Frontiers,4725318
1135,TORSY,4714372
1136,Onooks,4709883
1137,Xraders,4706179
1138,Neptune Mutual,4703491
1139,Empyreal,4694821
1140,Edge Matrix Computing,4658846
1141,Maxity,4652705
1142,Digital Fitness,4651880
1143,Fractal,4648668
1144,MetFi,4644288
1145,Solareum,4629485
1146,MILKBAG,4624094
1147,Alpha Fi,4621856
1148,SKAI,4617344
1149,Gamma Strategies,4615457
1150,Minted,4607647
1151,Arbius,4606719
1152,HUSD,4599770
1153,VoluMint,4573389
1154,Trophy,4550796
1155,PLEARN,4545170
1156,Smilek,4541790
1157,Cogito Finance,4533626
1158,Alfa Romeo Racing ORLEN Fan Token,4533346
1159,Hanu Yokia,4530812
1160,dHEDGE DAO,4512768
1161,HMX,4510802
1162,Napoli Fan Token,4504385
1163,BoxBet,4503634
1164,FALX,4493504
1165,GT-Protocol,4483077
1166,Unisocks,4481955
1167,PlayZap,4459716
1168,Grin,4453042
1169,Vai,4446566
1170,REV3AL,4411223
1171,TopGoal,4408496
1172,Mineral,4382788
1173,hehe,4376789
1174,LUCA,4375907
1175,DeFi Land,4373595
1176,EDEN,4356760
1177,OneFinity,4353466
1178,Prizm,4353299
1179,BitKan,4345793
1180,Bifrost Voucher MANTA,4337934
1181,Galaxia,4330312
1182,Sylo,4329364
1183,OpenOcean,4325477
1184,EverRise,4324564
1185,USK,4319648
1186,K9 Finance DAO,4318550
1187,Gondola,4318202
1188,Sigma,4312555
1189,Data Lake,4285961
1190,bozo Hybrid,4282911
1191,Giko Cat,4279764
1192,Vixco,4279145
1193,Bostrom,4270411
1194,0L Network,4260625
1195,Crypto Carbon Energy,4251730
1196,RMRK,4246370
1197,STAT,4242958
1198,BSCPAD,4240142
1199,Parrot USD,4239047
1200,RFOX,4236585
1201,Lybra,3412880
1202,Red Kite,2767946
1203,Bridge Oracle,2617520
1204,Regen,2614252
1205,Verse,2611610
1206,DASIA,2607046
1207,Derby Stars RUN,2603536
1208,Gameswap,2594020
1209,TENET,2591357
1210,Param,2588321
1211,Juice Finance,2587361
1212,Notional Finance,2585390
1213,XAYA,2581557
1214,Crypterium,2578883
1215,Vabble,2576531
1216,Sora,2574883
1217,Elumia,2574536
1218,Mimo Governance,2570517
1219,Cyberpunk City,2564361
1220,Linq,2564178
1221,KAP Games,2554659
1222,Particl,2553230
1223,LockTrip,2538434
1224,SERO,2535083
1225,EDUM,2534954
1226,CNH Tether,2529826
1227,UBD Network,2526228
1228,UNICE,2518258
1229,Hoops,2507475
1230,Filter AI,2507135
1231,/send,2502877
1232,Obortech,2501274
1233,DXdao,2489924
1234,Metronome,2488892
1235,Rebel Bots,2485639
1236,Efforce,2484019
1237,Probit,2480305
1238,MindAI,2478337
1239,Groyper,2467522
1240,Kira the Injective Cat,2466124
1241,Lattice,2465865
1242,Dogami,2464735
1243,HILO,2461974
1244,KI,2461806
1245,Glo Dollar,2460217
1246,Allbridge,2457787
1247,Delta Exchange,2455943
1249,peanie,2453040
1250,NMKR,2452352
1251,LightLink,2444840
1252,PureFi,2441587
1253,Chitan,2438550
1254,MultiVAC,2437100
1255,Weirdo,2436496
1256,Hacash,2435732
1257,The Big Five,2431567
1258,SpaceFalcon,2426097
1259,PIZA (Ordinals),2419170
1260,MIMANY,2410015
1261,PKT,2409235
1262,Zeek Coin,2408785
1263,NumberGoUpTech,2406028
1264,NerveNetwork,2404756
1265,Dope Wars Paper,2404445
1266,Safe Haven,2404430
1267,DEUS Finance,2399243
1268,Parallel,2393354
1269,Grizzly Honey,2392208
1270,Neutrino Index Token,2391623
1271,Envision Labs,2388816
1272,Moby,2385692
1273,Ramses Exchange,2384052
1274,Unstake,2379642
1275,Gym Network,2367701
1276,Y2K,2363763
1277,Dypius,2363606
1278,IMPT,2353305
1279,Hourglass,2338883
1280,Fishkoin,2338553
1281,Empowa,2336162
1282,Quadrant Protocol,2324800
1283,My DeFi Pet,2324142
1284,UCX,2321407
1285,Coupon Assets,2321265
1286,EmerCoin,2301438
1287,PolkaBridge,2297826
1288,Forgotten Playland,2293167
1289,Laika AI,2288633
1290,Parex,2288245
1291,Canxium,2282694
1292,Jones DAO,2282662
1293,Banana,2279527
1294,Bonsai Token,2268224
1295,Deri Protocol,2267765
1296,Florence Finance Medici,2266215
1297,Auroracoin,2263208
1298,rETH2,2262043
1299,Forj,2259498
1300,Grai,2256333
1301,Libertum,2255152
1302,MMFinance (Cronos),2254644
1303,Concave,2253974
1304,Rari Governance,2251422
1305,BMX,2247314
1306,Hex Orange Address,2242401
1307,Ethernity Cloud,2236968
1308,Choise.ai,2234788
1309,Carnomaly,2228910
1310,Morra,2227593
1311,Sonic Solana,2225416
1312,Shibwifhatcoin,2225323
1313,1intro,2222854
1314,Juicebox,2221600
1315,Molecules of Korolchuk IP-NFT,2221286
1316,Cashaa,2220267
1317,SHOPX,2218925
1318,aiRight,2218629
1319,Polkaswap,2213516
1320,Kine Protocol,2213130
1321,Panda Swap,2211119
1322,Kryptokrona,2210356
1323,Holograph,2208994
1324,DogeGF,2193174
1325,ritestream,2188852
1326,Wecan,2188086
1327,OraiDEX,2178323
1328,Giddy,2174525
1329,SuiPad,2168099
1330,Effect AI,2164487
1331,Frok.ai,2160865
1332,Public Masterpiece Token,2154023
1333,ECO,2153961
1334,sudoswap,2140202
1335,Umami,2134014
1336,ALF,2132938
1337,Youves YOU Governance,2132384
1338,Verida,2122810
1339,DGI Game,2116615
1340,Wrapped MistCoin,2113576
1341,Neiro,2111466
1342,NanoByte,2108960
1343,Kommunitas,2097264
1344,Cardstack,2094543
1345,D-Drops,2089466
1346,Raven Protocol,2084711
1347,Signum,2075538
1348,MainnetZ,2073291
1349,CropBytes,2071788
1350,Draggy CTO,2067472
1351,DePay,2067341
1352,Tokenomy,2056521
1353,Apollo,2055205
1354,Ajna Protocol,2055078
1355,Sora Validator,2049607
1356,Neos Credits,2043637
1357,Fuzion,2041961
1358,Landwolf,2040077
1359,ZooKeeper,2034915
1360,Ordibank,2028319
1361,Reflexer Ungovernance,2026872
1362,StraitsX XUSD,2025589
1363,Carlo,2024996
1364,White Whale,2024875
1365,Pegaxy,2023455
1366,InfinityBit Token,2021841
1367,Vidya,2020544
1368,Sinverse,2018502
1369,Hercules Token,2010539
1370,Champignons of Arborethia,2007416
1371,MEME (Ordinals),2006906
1372,Dopex Rebate,1989718
1373,Manifest,1988264
1374,CitaDAO,1985200
1375,Calamari Network,1985076
1376,CONDO,1981008
1377,Wrapped AyeAyeCoin,1977484
1378,Interlay,1971959
1379,GooseFX,1970414
1380,Tamadoge,1968830
1381,Populous,1968109
1382,Chain Guardians,1966522
1383,Uno Re,1960166
1384,Dfyn Network,1956754
1385,X2Y2,1946355
1386,Razor Network,1945403
1387,Chain-key Ethereum,1939483
1388,JOSH,1939324
1389,c0x,1938312
1390,Retreeb,1932573
1391,Trio (Ordinals),1926771
1392,DerivaDAO,1926685
1393,FireStarter,1925438
1394,Paysenger EGO,1920509
1395,FAYA,1920188
1396,Hero Blaze: Three Kingdoms,1906901
1397,Wam,1906206
1398,governance ZIL,1899073
1399,Mind,1889479
1400,OccamFi,1885623
1401,Bullieverse,1875395
1402,myDid,1875027
1403,ValueFlow,1870778
1404,Rainbow Token,1869999
1405,Level,1869540
1406,Gold Fever Native Gold,1869357
1407,NAGA,1868451
1408,Kick,1867663
1409,Qi Dao,1866523
1410,Göztepe S.K. Fan Token,1863510
1411,Luna Inu,1861269
1412,ApeBond,1859805
1413,UpBots Token,1846806
1414,Gyoza,1846098
1415,GNY,1844232
1416,Brainers,1839066
1417,AvaCoach,1837712
1418,Acquire.Fi,1831475
1419,HNC Coin,1830268
1420,Precipitate.ai,1824557
1421,Infinity PAD,1817457
1422,Eclipse Fi,1817237
1423,LIF3 LSHARE (OLD),1816488
1424,Web3Shot,1816225
1425,hi Dollar,1815717
1426,Reddcoin,1811531
1427,Lympo,1801003
1428,Engines of Fury,1800424
1429,Hummingbot,1798964
1430,GulfCoin,1793212
1431,King Of Meme,1790961
1432,Alongside Crypto Market Index,1786586
1433,Andromeda,1786217
1434,CryptoFranc,1779195
1435,Lonk,1774910
1436,Giveth,1774221
1437,Abyss,1767747
1438,LandRocker,1636467
1439,OATH,1591217
1440,Bonsai3,1483542
1441,Hord,1479834
1442,LIT,1475366
1443,mStable Governance: Meta,1470323
1444,Clube Atlético Mineiro Fan Token,1464918
1445,Wasder,1455483
1446,Sensi,1451951
1447,Astrovault,1448854
1448,AI Power Grid,1448777
1449,Bork,1448071
1450,Black Dragon,1444348
1451,LilAI,1444005
1452,Vaultka,1443096
1453,Yup,1442008
1454,Karat,1441971
1455,Tunachain,1441339
1456,BERF,1440862
1457,Kromatika,1438513
1458,Sturdy,1435292
1459,MCH Coin,1435254
1460,Donut,1431485
1461,Pastel,1431212
1462,RelictumPro Genesis Token,1431034
1463,Gorilla,1430638
1464,Quadency Token,1427918
1465,Qmall,1422383
1466,Rock,1419983
1467,Gridcoin,1414298
1468,Honk,1413923
1469,Idexo,1413464
1470,WoofWork.io,1412895
1471,EvidenZ,1412600
1472,MixMob,1407665
1473,Web3Games.com Token,1407128
1474,TruBadger,1406409
1475,Monai,1406019
1476,Kiba Inu,1405286
1477,Connect Financial,1404115
1478,Kunji Finance,1399675
1479,Polkamarkets,1398432
1480,Nominex,1396037
1481,UTYABSWAP,1395168
1482,Serenity Shield,1390771
1483,AlphaScan AI,1388568
1484,Popsicle Finance,1388413
1485,Basilisk,1385571
1486,Lucidao,1385485
1487,DeHub,1385128
1488,Aurox,1377493
1489,MOBY,1377241
1490,Walken,1374249
1491,Ember Sword,1372182
1492,PUTinCoin,1368407
1493,Inter Stable Token,1367343
1494,Quint,1365291
1495,Crodie,1364275
1496,Netswap,1364247
1497,Lion DAO,1363893
1498,Mendi Finance,1362233
1499,International Stable Currency,1353777
1500,SALT,1351929
1501,Vibing Cat,1349044
1502,MYSO Token,1344900
1503,IBS,1343842
1504,X World Games,1343195
1505,Gaia Everworld,1342685
1506,Galvan,1341261
1507,Liquid Crypto,1339291
1508,Coldstack,1338981
1509,DSLA Protocol,1338332
1510,LootBot,1335056
1511,Granary,1334671
1512,Alpha Impact,1332157
1513,PoolTogether,1326801
1514,Ferma,1324112
1515,Lendle,1323567
1516,Calaxy,1319749
1517,PanoVerse,1319271
1518,BinaryX [OLD],1317334
1519,Arkreen Token,1315811
1520,PIRB,1313623
1521,Comsats,1308494
1522,Garden,1307529
1523,LA,1306872
1524,PonzioTheCat,1304909
1525,PAC Project,1303265
1526,Planq,1295584
1527,CryptoGPT,1293535
1528,Aether Games,1293436
1529,Aston Villa Fan Token,1290043
1530,Pickle Finance,1289446
1531,CVI,1288145
1532,BlueSparrow,1286914
1533,Kryptomon,1286269
1534,Minu,1285813
1535,Paladin,1285247
1536,Ski Mask Dog,1170043
1537,Unvest,1169667
1538,K21,1168980
1539,HODL,1168623
1540,Ariva,1166638
1541,Hara,1165433
1542,Biometric Financial,1165336
1543,Solarcoin,1164357
1544,IMO,1163926
1545,Fold,1163176
1546,Convertible JPY Token,1160493
1547,EQIFi,1160080
1548,TRONPAD,1159324
1549,ElonDoge.io,1159233
1550,Stooges,1158716
1551,FactorDAO,1156602
1552,BAI Stablecoin,1155850
1553,LoungeM,1152088
1554,The Three Kingdoms,1150671
1555,CheckDot,1148384
1556,Solidly,1148065
1557,iCommunity,1146070
1558,Doogle,1144303
1559,Prism,1142747
1560,Vent Finance,1130674
1561,DecentraWeb,1130207
1562,The Big Grift,1127434
1563,Alvara Protocol,1126756
1564,FORE Protocol,1124332
1565,IMVU,1124303
1566,Finceptor,1122698
1567,Hiblocks,1120705
1568,Flute,1117150
1569,SoonVerse,998385
1570,RadioShack,890314
1571,VEMP,889672
1572,Ertha,889229
1573,Odin Protocol,888809
1574,BiFi,885000
1575,Bossie,884321
1576,Neurahub,881964
1577,HanChain,879669
1578,VetMe,877560
1579,DexKit,877310
1580,Melon Dog,877153
1581,Siren,875248
1582,BuildAI,875068
1583,Kintsugi,874783
1584,Goat Protocol,873585
1585,XY Finance,872967
1586,FEAR,867839
1587,Interport Token,862229
1588,Bird.Money,861321
1589,Wild Goat Coin,860204
1590,Eggy The Pet Egg,859988
1591,XP Network,857491
1592,DeFrogs,857473
1593,Arbitrove Governance Token,855929
1595,Pillar,852171
1596,HarambeCoin,849929
1597,HatchyPocket,842189
1598,Gunstar Metaverse,840324
1599,Hello Pets,839543
1600,Eldarune,839191
1601,Zaros,839039
1602,NFTBooks,838164
1603,XSwap Protocol,837651
1604,Sekuya Multiverse,835905
1605,Cybria,835273
1606,Rocky the dog,834803
1607,Shikoku,831846
1608,DOGWIFHOOD,831344
1609,LanaCoin,831192
1610,Bitune,829880
1611,INU,829121
1612,Strong,828778
1613,ElmoERC,828174
1614,AI PIN,824764
1615,Biconomy Exchange Token,818307
1616,New Order,817090
1617,Cindicator,814813
1618,Fabwelt,811587
1619,Restake Finance,810983
1620,BaseSwap,810656
1621,Phoenixcoin,810167
1622,Quantum Network,807613
1623,McLaren F1 Fan Token,799159
1624,AEROBUD,798617
1625,Idena,798553
1626,Silent Notary,798442
1627,BANK (Ordinals),797923
1628,Yaku,796632
1629,Dechat,793727
1630,TenX,791757
1631,XSwap Treasure,790345
1632,Neva,789931
1633,Leverj Gluon,789834
1634,Marine Moguls,789356
1635,Trog,788706
1636,Vector Reserve,788043
1638,VNX Gold,783942
1639,WOOF,783928
1640,InsurAce,783390
1641,Shiboo,778794
1642,RWAX,776920
1643,Dingocoin,775357
1644,TiFi,773600
1645,NUSA,644085
1646,AiMalls,642039
1647,Aegis Ai,641077
1648,Caitlyn Jenner,640669
1649,Pepe On Fire,640302
1650,Suterusu,639544
1651,ShezmuUSD,638045
1652,Zeitgeist,636098
1653,Vault AI,635323
1654,Tutellus,632228
1655,OneRare,631830
1656,GSENetwork,630625
1657,Roseon,629913
1658,Syncus,629686
1659,StellaSwap,629241
1660,Changpeng Zhao,629049
1661,inheritance Art,628401
1662,NOOT (Ordinals),624266
1663,IQ Protocol,623360
1664,CatGPT,622632
1665,JustAnEgg,622099
1666,Alltoscan,621408
1667,Unistake,620707
1668,IOI Token,620336
1669,Edu3Labs,618935
1670,BlackPool,617991
1671,BlockWallet,615028
1672,Mirrored Ether,612840
1673,RYI Unity,612415
1674,SmartCredit,611403
1675,Speciex,610776
1676,Waves Ducks,610046
1677,DOLA Borrowing Right,608293
1678,Yieldification,606021
1679,Golden Inu,605517
1680,Equation,604864
1681,Hunny Finance,603942
1682,VersaGames,603731
1683,Solcial,603424
1684,Sanin Inu,603149
1685,Kineko,601581
1686,Ideaology,599771
1687,Kennedy Memecoin,598776
1688,Sonne Finance,598632
1689,Swarm Network,597988
1690,ROD.AI,596346
1691,Football World Community,595798
1692,PER Project,593837
1693,Hypr Network,593149
1694,0xGasless,592590
1695,Futureswap,591770
1696,NAMI Protocol,591754
1697,CropperFinance,591575
1698,Traxx,591050
1699,MOOI Network,588572
1700,LOCG,588194
1701,MaxxChain,588162
1702,TokenClub,587547
1703,DexToro,587382
1704,Conic,586769
1705,FootballStars,586609
1706,İstanbul Başakşehir Fan Token,585455
1707,ARTH,584197
1708,Etica,584084
1709,Metafluence,583289
1710,BitcoinZ,580445
1711,Shockwaves,580034
1712,Honest,579623
1713,EpiK Protocol,579456
1714,impactMarket [OLD],579455
1715,Arrow Token,579398
1716,Dor,578633
1717,YfDAI.finance,578296
1718,Sombra,576373
1719,GONG,575441
1720,Koyo,573437
1721,ALL.ART,571244
1722,BeamSwap,568122
1723,Castle Of Blackwater,567277
1724,Verox,566663
1725,Jupiter Project,565546
1726,KlubCoin,565312
1727,Moonwell Apollo,565103
1728,PlotX,564870
1729,Osmium,564646
1730,iETH v1,564303
1731,RunesBridge,564250
1732,Woonkly Power,563937
1733,Ribbit Meme,563933
1734,Meme Alliance,563920
1735,Xfinite Entertainment,563781
1736,Residual Token,562077
1737,Satoxcoin,561641
1738,EXMO Coin,561524
1739,Blockchain Monster Hunt,560691
1740,TrustPad,558633
1741,WOWO,558534
1742,BnkToTheFuture,558351
1743,Warthog,557388
1744,Mesh Protocol,557203
1745,Plasma Finance,556980
1746,Scorum Coin,555664
1747,Lampapuy,555125
1748,KTX.Finance,554664
1749,ZELIX,554587
1750,EchoLink,553926
1751,ExchangeCoin,553850
1752,Tranche Finance,553748
1753,Fringe Finance,553551
1754,Versus-X,552656
1755,Gora,552616
1756,SaTT,552521
1757,CryptoUnity,552449
1758,DEVAI,551100
1759,StareCat,551084
1760,Multi Universe Central,550660
1761,Dafi Protocol,549519
1762,Heroes & Empires,549369
1763,BLUB,549296
1764,Evadore,549247
1765,Boshi,548576
1766,FaraLand,545097
1767,Aurora Chain,544859
1768,Ceiling Cat,544593
1769,0xGen,544281
1770,Dash Diamond,543119
1771,Plastiks,543012
1772,Mover,541911
1773,Wanaka Farm,539040
1774,MYSTCL,538314
1775,Inu Inu,538266
1776,Roobee,537003
1777,AANN.ai,535092
1778,ARTX,533140
1779,ShredN,531754
1780,zkSync id,530103
1781,GetKicks,529926
1782,TANGO,528420
1783,Space Token,526744
1784,OSHI,525274
1785,FIGHT,524948
1786,MetaDOS,523309
1787,MoonEdge,523210
1788,ArbiPad,521980
1789,88mph,520833
1790,Metaverse ETP,520707
1791,pNetwork,516479
1792,OneLedger,516149
1793,Don't Buy Inu,516096
1794,Infinitecoin,515201
1795,Brazil National Football Team Fan Token,513934
1796,PREME Token,511234
1797,On-Chain Dynamics,510851
1798,Mars Battle,510839
1799,Paragen,510474
1800,VFOX,509963
1801,Pushcat,509289
1802,Unstoppable DeFi,508812
1803,RivusDAO,508534
1804,DogemonGo,508461
1805,JPEG (Ordinals),508298
1806,Catheon Gaming,508233
1807,ENKI Protocol,508120
1808,Stride Staked Juno,507685
1809,Xena Finance,506353
1810,ZMINE,505607
1811,YOUR AI,505591
1812,CoinMerge OS,505545
1813,Revolt 2 Earn,504950
1814,Axe Cap,503959
1815,Donkey King,502576
1816,ftm.guru,502004
1817,KleeKai,500479
1818,PUMLx,499802
1819,Sao Paulo FC Fan Token,499714
1820,Ledgity Token,499657
1821,Nemesis Downfall,499219
1822,Just a Black Rock on Base,498462
1823,Chuan Pu,497603
1824,BUILD,497005
1825,21Million,495358
1826,DOSE,494887
1827,Scaleswap,494212
1828,Denarius,494049
1829,Tethys Finance,493707
1830,Fable Of The Dragon,492073
1831,INSECT,491857
1832,Olyverse,490652
1833,Bingus The Cat,490470
1834,IXI,490274
1835,QuiverX,490268
1836,O3 Swap,490203
1837,Okuru,490176
1838,VNST Stablecoin,487971
1839,All In,486635
1840,Peepo,486375
1841,Onmax,486253
1842,Risitas,484387
1843,NFT Art Finance,484146
1844,Lyra Finance,482918
1845,Revolve Games,482447
1846,Ycash,482183
1847,GemLink,480922
1848,Akropolis,480871
1849,Bonk On Base,480693
1850,PROOF Platform,478655
1851,Smoothy,478062
1852,Lord Of SOL,477881
1853,Shih Tzu,477196
1854,Monkey,476149
1855,PWR Coin,475083
1856,XIDR,474756
1857,Morphex,474299
1858,Ethereans,474073
1859,Pepe Trump,471621
1860,KittenFinance,471030
1861,Zorro,470463
1862,Stride Staked Injective,469840
1863,Pepe Token,468909
1864,OpenDAO,468838
1865,UniX,468775
1866,Neutrino System Base,468739
1867,Spain National Football Team Fan Token,466578
1868,Starcoin,466500
1869,The Rug Game,466197
1870,Zclassic,465450
1871,MEME CUP,464886
1872,Beni,464501
1873,Arcade,463915
1874,Unitus,463851
1875,Wagerr,463599
1876,Meridian MST,463183
1877,SO-COL,462677
1878,EurocoinToken,462569
1879,Unbound Finance,462473
1880,Clashub,459486
1881,Ryo Currency,458975
1882,Hokkaidu Inu,458953
1883,PsyFi,457972
1884,Investin,457140
1885,Synonym Finance,456336
1886,Bao Finance V2,454217
1887,Buffer Token,452836
1888,ExNetwork,452587
1889,Jinko AI,452492
1890,Arken Finance,452362
1891,eUSD (OLD),450952
1892,Gameflip,449529
1893,Seal,448972
1894,MeowCoin,448906
1895,TYBENG,448891
1896,THX Network,448397
1897,Bibox,448303
1898,Bogdanoff,448000
1899,ELYFI,445570
1900,Golden Ball,443657
1901,Miw Musk,443249
1902,Kambria,442641
1903,Ulord,442600
1904,Solanacorn,441159
1905,Cramer Coin,441032
1906,Generaitiv,439817
1907,Spartan Protocol,439627
1908,Xaurum,439247
1909,StarShip,436818
1910,AISociety,432902
1911,ACryptoS [OLD],432868
1912,PAC Protocol,432864
1913,Bridge Mutual,432291
1914,Metaverse Face,432285
1915,Goons of Balatroon,431704
1916,Glitch Protocol,431505
1917,Fluid,430978
1918,CLever,430778
1919,Tethereum,429609
1920,CaliCoin,429430
1921,NFTDeli,428304
1922,Wrapped OrdBridge,427990
1923,Zasset zUSD,427646
1924,Internet Doge,423033
1925,Polker,422726
1926,YadaCoin,422525
1927,BzetCoin,421349
1928,Battle Infinity,420088
1929,Corite,419247
1930,Number 1,417792
1931,0xBitcoin,417595
1932,Franklin,417121
1933,Nord Finance,417092
1934,CrossWallet,415287
1935,SEED,415028
1936,TrustFi Network,414527
1937,Geyser,414370
1938,Team Vitality Fan Token,413980
1939,Epoch Island,413874
1940,Mad Meerkat ETF,412281
1941,RaidSharksBot,412038
1942,Plant vs Undead,411535
1943,FP μElemental,411458
1944,Cosmic Universe Magick,411114
1945,BlockChainPeople,410269
1946,Zipmex,410224
1947,Gun Game,409326
1948,Okcash,409143
1949,Playermon,409069
1950,Second World Games,408673
1951,KingdomX,408390
1952,Burncoin,408027
1953,Reunit Wallet,407861
1954,HarryPotterTrumpHomerSimpson777Inu,407709
1955,A2DAO,406619
1956,Superlauncher,405501
1957,Cleopatra,405428
1958,ChainPort,405069
1959,MetaBrands,404672
1960,Dimecoin,404111
1961,NIOB,402821
1962,Hunter Token,401753
1963,Spectre,401741
1964,AVIAN,401689
1965,PIVN,401480
1966,USC,400571
1967,Guru Network,400058
1968,Kung-Fucat,399615
1969,Conceal,399533
1970,TribeOne,399163
1971,Decentral Games ICE,397870
1972,Tidex,397119
1973,Frencoin,396848
1974,ALVA,396591
1975,Odyssey,396342
1976,Pollen,395845
1977,Rand,395800
1978,Baby Shiba Inu,395573
1979,BattleFly,394913
1980,Based Lambow,394293
1981,Molly,393416
1982,Fodl Finance,391590
1983,Future Protocol,391577
1984,Base Protocol,391426
1985,Nchart Token,391087
1986,ISLAMICOIN,390634
1987,LABSV2,390439
1988,Dora Factory [OLD],389606
1989,Bitcoin Plus,389493
1990,UFORIKA,388246
1991,Elawn Moosk,387405
1992,RetroCraft,386701
1993,Index Coop - ETH 2x Flexible Leverage Index (Polygon),386304
1994,Omni,386138
1995,Insane Labz,384801
1996,PinkMoon,383803
1997,Autobahn Network,383679
1998,Zillion Aakar XO,382646
1999,Youwho,380945
2000,Gemach,380578
2001,Propel,380519
2002,Monsterra,379833
2003,APY.vision,377397
2004,Snetwork,377147
2005,Poodl,375097
2006,Bowled.io,373878
2007,RIZON,372065
2008,Position,372031
2009,Lodestar,371567
2010,Drep,370760
2011,EverETH Reflect,370635
2012,Vendetta,369794
2013,PumaPay,369245
2014,Kitsumon,368882
2015,MurAll,368112
2016,Must,366515
2017,KALM,366242
2018,Stronger,365971
2019,Shib Original Vision,365293
2020,Bug,364894
2021,Bet Lounge,364629
2022,BLOX,363327
2023,carVertical,362691
2024,Dohrnii,362656
2025,Illumicati,362425
2026,Scalia Infrastructure,362237
2027,Ceres,361083
2028,Trisolaris,361033
2029,Citadel.one,360710
2030,Baby Pepe,360532
2031,CREDITS,360241
2032,NFTLaunch,358571
2033,GG,358089
2034,TE-FOOD,357534
2035,Blastar,356516
2036,TasteNFT,355275
2037,DPRating,354704
2038,Pandacoin,354541
2039,Rentible,354479
2040,Super Best Friends,353315
2041,Kaching,352315
2042,Maro,351188
2043,upsidedowncat,350922
2044,Starbot,350512
2046,Shitzu,348742
2047,Soakmont,348716
2048,Gyrowin,348181
2049,Woke Chain,347892
2050,ETHPad,347221
2051,Milestone Millions,345562
2052,Earn Network,345342
2053,SQRCAT,344986
2054,DackieSwap,344828
2055,Sharbi,344452
2056,SCHIZO,343907
2057,HarryPotterObamaPacMan8Inu,343524
2058,MAXI (Ordinals),342217
2059,Cathena Gold,342125
2061,Bomb Crypto (POL),340361
2062,VirtuSwap,339362
2063,RioDeFi,339253
2064,Voltage Finance,339035
2065,Larissa Blockchain,338523
2066,Inscribe,338103
2067,BUDDY,337068
2068,Pad.Fi,336030
2069,Aurigami,334645
2070,Sync Network,334200
2071,GameBoy,334064
2072,Galaxy Fight Club,333724
2073,SELFCrypto,333607
2074,HyperChainX,332280
2075,Modefi,331267
2076,Goose Finance,331067
2077,FOUR,330963
2078,IDRX,330426
2079,Infinity Rocket,329682
2080,Rockswap,329281
2081,BISO,292354
2082,Pitbull,241203
2083,TOGE,229161
2084,Zaibot,198509
2085,Calvaria: DoE,188752
2086,Nebulas,187782
2087,Apes Go Bananas,187380
2088,Lunar,187031
2089,SportsIcon,186761
2090,Duckereum,186559
2091,BlackHat Coin,186070
2092,Crypto Royale,184989
2093,VeriumReserve,184724
2094,Phoenix Blockchain,184331
2095,Stakecube,183619
2096,Atlas DEX,183189
2097,ZilPepe,183093
2098,CrossSwap,182739
2099,B20,181468
2100,Pepecoin Network,181012
2101,Ubiq,180747
2102,EquityPay,180461
2103,Desmos,179776
2104,HashCoin,179261
2105,Roush Fenway Racing Fan Token,179076
2106,Bursaspor Fan Token,178904
2107,delta.theta,178791
2108,Meter Stable,178480
2109,Poseidon,178270
2110,Kangal,177911
2111,Iro-Chan,177752
2112,PowerTrade Fuel,177193
2113,Dinamo Zagreb Fan Token,177159
2114,Exgoland,176600
2115,Pepe Undead,175833
2116,Linkeye,175750
2117,ChillPill,175433
2118,MTG Token,174754
2119,Blox MYRC,174355
2121,Autonio,174154
2122,Phuture,173060
2123,Antara Token,172931
2124,Cashtree Token,172663
2125,NFT Protocol,172642
2126,Keysians Network,172522
2127,Pakcoin,172393
2128,True PNL,171496
2129,Finance Vote,171395
2130,Noso,170712
2131,Dynamix,170637
2132,Professional Fighters League Fan Token,169602
2133,Sint-Truidense Voetbalvereniging Fan Token,169326
2134,SolDoge,169260
2135,Satoshi Panda,169139
2136,GovWorld,168823
2137,Metarun,168744
2138,Internxt,168484
2139,Scrat,167864
2140,Ojamu,167849
2141,Points,167632
2142,HULVIN,167068
2143,Herity Network,166881
2144,Frosty the Polar Bear,166245
2145,Zeusshield,165369
2146,LSDx Finance,165364
2147,GAX Liquidity Token Reward,165047
2148,Quasacoin,164812
2149,Lotty,164635
2150,Cope,164477
2151,MetaGameHub DAO,163494
2152,KING Coin,163493
2153,Childrens Aid Foundation,163459
2154,Shibavax,163374
2155,HitChain,163236
2156,Popcorn,162705
2157,Unit Protocol,162254
2158,Hyper,161537
2159,Oikos,161387
2160,Moeda Loyalty Points,161353
2162,Sekuritance,160742
2163,Sarcophagus,160504
2164,Ara,160256
2165,Petcoin,160215
2166,Pepemon Pepeballs,160109
2167,Toad (SOL),160073
2168,Sakura,159984
2169,Everex,159971
2170,Public Mint,159949
2171,e-Money EUR,159909
2172,EUNO,159421
2173,Crabada,159084
2174,Smart MFG,158936
2175,Latte,158029
2176,Multiverse Capital,157833
2177,EarthByt,156869
2178,Token IN,156794
2179,WolfSafePoorPeople,156651
2180,PressDog,156553
2181,Centric Swap,156368
2182,FrontFanz,156248
2183,Bodrumspor Fan Token,155567
2184,mao,155435
2185,Ethermon,155105
2186,Filecoin Standard Full Hashrate,154769
2187,GenomesDAO GENE,154114
2188,Coin of the champions,153394
2189,SNOOPYBABE,153121
2190,EigenElephant,152871
2191,Tanks,152755
2192,Masternoded Token,152580
2193,Carbon,152131
2194,MotaCoin,152031
2195,Iron Bank,151810
2196,Universidad de Chile Fan Token,151571
2197,Onchain AI,151393
2198,Alter,150563
2199,Blind Boxes,150380
2200,CoinFi,150086
2201,Civfund Stone,149997
2202,DeFiato,149730
2204,Sifchain,149240
2205,Oh! Finance,149238
2206,Tulip Protocol,148960
2207,Hawksight,148736
2208,iDypius,148522
2209,Open Dollar Governance,148119
2210,Brick,147912
2211,Digital Reserve Currency,147584
2212,Radar,147307
2213,MIBR Fan Token,147182
2214,AAG,146947
2215,Ruby Protocol,146772
2216,Defi Warrior,145936
2217,DAOGAME,145564
2218,Ekta,145118
2219,LakeViewMeta,145071
2220,disBalancer,145053
2221,WePower,145037
2222,TonGPU,144889
2223,BNSD Finance,144631
2224,DigitalNote,144490
2225,Ombi (Ordinals),143832
2226,The HUSL,143669
2227,xWIN Finance,143504
2228,Joe Hat,143427
2229,SHELL,142742
2230,ContentBox,142650
2231,Zyberswap,142409
2232,Swerve,141845
2233,Relay Chain,141670
2234,TOSHE,141642
2235,DIGG,141563
2236,OST,141475
2237,Workie,141340
2238,GMD,141157
2239,chick,140915
2240,Espresso Bot,140905
2241,MediShares,140809
2242,ZKPEPE,140803
2243,Ubeswap (OLD),140801
2244,Hedget,140381
2246,JET,140125
2247,FlokiBonk,140038
2248,GamyFi,139933
2249,AllDomains,139861
2250,Potcoin,139838
2251,DOGwifCROCS,139704
2252,Chain of Legends,139419
2253,8Pay,139135
2254,POSTHUMAN,138861
2255,Day of Defeat Mini 100x,138670
2256,Red,138631
2257,Rabbit Wallet,138426
2258,Craft network,138267
2259,Davis Cup Fan Token,138225
2260,Electrify.Asia,138176
2261,Einsteinium,138141
2262,Sable,138084
2263,zkApes Token,138063
2264,Tate Stop,137932
2265,goatwifhat,137528
2266,Idavoll DAO,137232
2267,Cat Wif Hands,136998
2268,One Cash,136985
2269,Corgi,136975
2270,Gas DAO,136784
2271,NFTY,136179
2272,Just a Rock,135977
2273,Berry Data,135927
2274,Swop,135792
2275,Moonscape,135556
2276,Genaro Network,135391
2277,Unique Utility,135317
2278,SWAPZ.app,135295
2279,PADAWAN,135102
2280,Polinate,134903
2281,Scottish,134409
2282,Penguin Finance,134335
2283,FOMO TOCD,134171
2284,Novara Calcio Fan Token,134102
2285,AstroSwap,132388
2286,Unidef,131935
2287,Ares Protocol,131414
2288,Etherparty,131157
2289,DogeCash,130737
2290,chair,130391
2291,Catfish,130238
2292,Seba,129982
2293,Terracoin,129592
2294,ETF The Token,129471
2295,FoxGirl,128915
2296,Crodex,128758
2297,Yieldwatch,128625
2298,CZ THE GOAT,128580
2299,Poison Finance,128554
2300,Dopamine,128403
2301,Paypolitan,127938
2302,Phoenix Finance,127344
2304,UNLUCKY,127078
2305,handle.fi,125981
2306,PlayNity,125975
2307,Construct,125927
2308,OVAL3,125558
2309,RAFL,125425
2310,Krida Fans,125311
2311,Floyx,124882
2312,Autonomous Secure Dollar,124810
2313,Polkarare,124659
2314,MAD Bucks,124526
2315,TokenBot,124436
2316,EarthFund,124191
2317,Solala,123885
2318,ITRONIX,123880
2319,AppCoins,123616
2320,Impossible Finance,123552
2321,Bull Coin,123467
2322,Fantom Velocimeter,123421
2323,Savedroid,123290
2324,NFTify,123281
2325,PengyOS,123270
2326,NeoCortexAI,123223
2327,DragonKing,123220
2328,Fina.cash,123117
2329,ACryptoSI,123112
2330,One Token,122710
2331,FlokiFork,122606
2332,Hamachi Finance,122099
2333,SeChain,121707
2334,Statera,121704
2335,TOR,121572
2336,Green Planet,121557
2337,SpaceFi,121307
2338,Aerarium Fi,121076
2339,OctoFi,120950
2340,Creaticles,120245
2341,FitBurn,120232
2342,ArQmA,119839
2343,Ryoshi Research,119774
2344,Aldrin,119536
2345,Liquidus (Old),119399
2346,Playcent,119342
2347,Rangers Fan Token,119084
2348,April,118867
2349,Basis Cash,118832
2350,Croatian FF Fan Token,118642
2351,Long Mao,118207
2352,Cat On Catnip,117486
2353,GeoDB,117265
2354,Celestial,116724
2355,UpDog,116533
2356,Savanna,116262
2357,Hermes DAO,116255
2358,Solberg,116071
2359,MoonLana,115791
2360,Scream,115424
2361,Warena,114942
2362,BASEDChad,114746
2363,Unitrade,114406
2364,Delphy,114330
2365,Chiba Neko,114075
2366,Tigris,113715
2367,UNION Protocol Governance,113631
2368,OpenBlox,113078
2369,Bitnet IO,112581
2370,Quack Token,112541
2371,GoWithMi,112186
2372,RIKU,112088
2373,Linked Finance World,111979
2374,Sway Social,111845
2375,Rito,111768
2376,Shack,111597
2377,Omni Consumer Protocol,110994
2378,UpStable,110440
2379,X8X,109949
2380,Meta BSC,109091
2381,HEROcoin,108345
2382,Snook,108163
2383,Hodl Finance,108079
2384,Ctrl,107619
2385,Blockzero Labs,107510
2386,Sentinel Chain,107376
2387,Compendium,107220
2388,Varen,107113
2389,BitcoinPoW,106915
2390,COLANA,104889
2391,MemeDAO,104734
2392,Pickle,104617
2393,Marginswap,104258
2394,SwiftCash,104143
2395,Jackpot,103528
2396,Pine,103425
2397,Yield Protocol,103377
2398,SmartCash,103362
2399,SOLAPE,103188
2400,DeHive,103141
2401,ACHI INU,102225
2402,NerdBot,102186
2403,CroFam,102022
2404,Ternio,101627
2405,Inuko Finance,101566
2406,Little Angry Bunny v2,100348
2407,FIRA,100152
2408,Golff,99649
2409,PLUMPY DRAGONS,99608
2410,BlazeX,99575
2411,TEN,99303
2412,Falcon Project,99256
2413,Buddha,99138
2414,Dark Matter,98965
2415,RC Celta de Vigo Fan Token,98939
2416,MXGP Fan Token,98656
2417,FusionBot,98625
2418,FansTime,98560
2419,BitcoinSoV,98324
2420,Trivians,98223
2421,Awkward Look Monkey Club,98198
2422,Pepega,98191
2423,Starname,98153
2424,Racing Club Fan Token,98139
2425,Donaswap,98085
2426,OTIA,97992
2427,Monke,97889
2428,Bent Finance,97654
2430,KUMA,95395
2431,EDDASwap,95135
2432,Demole,95056
2433,Soul Swap,94863
2435,Elon's Pet Fish ERIC,94792
2436,Solrise Finance,94547
2437,FINXFLO,94338
2438,Silver Stonks,94271
2439,RainbowToken,94270
2440,SharedStake Governance v2,94239
2441,Parachute,94211
2442,Dejitaru Hoshi,93946
2443,ArGoApp,93917
2444,unshETHing_Token,93820
2445,KeyFi,93652
2446,Centaurify,93615
2447,CNNS,93487
2448,Orion Money,93390
2449,Froggies,93231
2450,SakeSwap,93089
2451,Governor DAO,92894
2452,DeFiner,92803
2453,Cryptomeda,92635
2454,Rug,92196
2455,SONM,92147
2456,KCAL,92082
2457,Froyo Games,91958
2458,Value DeFi,91938
2459,Gençlerbirliği Fan Token,91298
2460,BlockCDN,91144
2461,DOKI,91034
2462,Mox Studio,90741
2463,DinoSwap,90645
2464,Demeter,90519
2465,Meta Toy DragonZ SAGA (FXERC20),90451
2466,Busy,89891
2467,KickPad,89705
2468,DegenPad,88714
2469,Golden Doge,88665
2470,Mochi Market,88451
2471,Pixel,88343
2472,Game Fantasy,88202
2473,Enecuum,88031
2474,Rubber Ducky Cult,86619
2475,UREEQA,86281
2476,Xeno,86214
2477,aRIA Currency,86094
2478,UNO,86004
2479,Blacksmith Token,85922
2480,Qbao,85545
2481,Fitmint,85358
2482,Grok Inu,85317
2483,Inci,85241
2484,DOS Network,85216
2485,Moove Protocol,85099
2486,BOMB,85088
2487,Hashgard,85028
2488,Definder Network,84918
2489,Eskişehir Fan Token,84777
2490,Pou,84507
2491,SatsBridge,84461
2492,Dogey-Inu,84327
2493,WenWifHat,84292
2494,DLP Duck,84282
2495,Grumpie,84274
2496,Spaceswap MILK2,84273
2497,Gapcoin,84215
2498,CaveWorld,84159
2499,zkEra Finance,83741
2500,TXN Club,83739
2501,Butter,83679
2502,Zeepin,83656
2503,Wall Street Games [OLD],83619
2504,LUMI,83464
2505,Zodium,83429
2506,Hamsters,83304
2507,DeVault,83274
2508,Triall,83217
2509,Distracted Dudes,83103
2510,Ishi,82991
2511,Superpower Squad,82985
2512,CoFiX,82861
2513,Trinity Network Credit,82783
2514,GATEWAY TO MARS,82710
2515,WaultSwap,82572
2516,Asian Fintech,82284
2517,Kattana,82260
2518,Archi Token,82076
2519,Shiba Saga,81480
2520,Butterfly Protocol,81360
2521,Ston,81302
2522,Benzene,81193
2523,PEPE UWU,80641
2524,Starfish Finance,80563
2525,Fluffy Coin,80559
2526,Rentberry,80337
2527,Lien,80270
2528,Shibaverse,80019
2529,DarkCrypto Share,79966
2530,Rainbow,79867
2531,Judgment AI,79535
2532,FC Sion Fan Token,79520
2533,xToken,79306
2534,Vera,79234
2535,X-CASH,79226
2536,Pleb,79110
2538,LuckysLeprecoin,78881
2539,Deportivo Alavés Fan Token,78846
2540,BitcoinPoS,78585
2541,Seneca,78479
2542,Rocki,78473
2543,Raze Network,78423
2544,RaceX,78344
2545,TosDis,78314
2546,The Crypto Prophecies,78192
2547,ZKitty Bot,77537
2548,APY.Finance,77436
2549,Pankito,77368
2550,QLix,76966
2551,PolkaWar,76582
2552,Datamine,76417
2553,Lama,76370
2554,Base Velocimeter,76257
2555,Meow Meow Coin,75965
2556,My Master War,75567
2557,StellaryAI,75434
2558,Blitz Labs,75325
2559,Masari,75132
2560,Float Protocol,74815
2561,EVE,74249
2562,0xMonero,73913
2563,Dejitaru Shirudo,73718
2564,Iridium,73711
2565,Snowswap,72923
2566,Rich,72758
2567,Don-key,72724
2568,Honkler,72637
2569,UniFarm,72551
2570,SuperRareBears RARE,71906
2571,GrabCoinClub,71768
2572,Peruvian National Football Team Fan Token,71391
2573,SPACE-iZ,71383
2574,Moremoney Finance,71358
2575,Baked,71307
2576,Cobra king,71232
2577,PlanetWatch,71140
2578,Whales Club,71050
2579,XNF,70816
2580,Primas,70796
2581,IHT Real Estate Protocol,70730
2582,dFund,70297
2583,BRC on the ERC,70041
2584,LOAF CAT,69935
2585,CrocBot,69509
2586,AlienB,69438
2587,Poolz Finance [OLD],68805
2588,Froggy Friends,68799
2589,Mad Meerkat Optimizer,68287
2590,Strawberry Elephant صباح,68250
2591,Aavegotchi KEK,68131
2592,STACKS,67733
2593,Port Finance,67694
2594,ADreward,67546
2595,Nsure Network,67400
2596,Baskonia Fan Token,67292
2597,Skrumble Network,67070
2598,Chronicum,67050
2599,POPO,66904
2600,Waifu,66805
2601,Kocaelispor Fan Token,66789
2602,Apricot,66386
2603,Wombex,66373
2604,Dawkoins,66304
2605,Metacourt,66235
2606,Tholana,66214
2607,Coinsbit Token,65988
2608,Structure Finance,65910
2609,Gorilla In A Coupe,65642
2610,NerveFlux,65529
2611,Zebi,65502
2612,Risitas (OLD),65450
2613,Plata Network,65242
2614,NFT Stars,64951
2615,UrDEX Finance,64807
2616,Pepe SKULL,64462
2617,HedgePay,64270
2618,Mithril Share,64221
2619,BillionHappiness,64015
2620,Lyncoin,63914
2621,Tesla TSL,63837
2622,Heavenland HTO,63808
2623,Nodes Reward Coin,63666
2624,Basis Share,63464
2625,Mercurial,63462
2626,Onston,63320
2627,Wrapped Virgin Gen-0 CryptoKittties,63006
2628,Ardana,62396
2629,AnchorSwap,62343
2630,Crusaders of Crypto,62014
2631,Releap,61981
2632,ALEXIS,61731
2633,Aluna,61625
2634,Bitci Racing Token,61550
2635,GeniuX,61413
2636,Cat Poop Joystick,61151
2637,Hashtagger,60871
2639,Dracarys Token,60734
2640,Bright Union,60401
2641,Alpaca City,60136
2642,Substratum,59942
2643,SureRemit,59763
2644,Bolivarcoin,59738
2645,Aree Shards,59700
2646,Neblio,59521
2647,Aavegotchi FOMO,59334
2648,PRivaCY Coin,59212
2649,SolChicks,59124
2650,Wistaverse,58367
2651,Mir Token,58325
2652,HYPRA,58233
2653,Asymetrix,57946
2654,Aittcoin,57874
2655,Huckleberry,57865
2656,Aavegotchi FUD,57864
2657,Petshop.io,57806
2658,Fantom Maker,57744
2659,Wonderland TIME,57603
2660,OneRing,57527
2661,TERA,57365
2662,Merge,57242
2663,KOK,57082
2664,Zahnymous,56920
2665,Delphi,56800
2666,Sirin Labs,56677
2667,Pepe Le Pew Coin,56342
2668,DOGEDI,56319
2669,trollbox,56311
2670,WannaSwap,56201
2671,Ziv4 Labs,56176
2672,The ChampCoin,55879
2673,MoneySwap,55873
2674,Remme,55815
2675,CluCoin,55571
2676,FOMO Network,55335
2677,Locust Pocus,55303
2678,Denizlispor Fan Token,55292
2679,Aavegotchi ALPHA,55243
2680,Bismuth,54904
2681,Bounty0x,54845
2682,Pawtocol,54772
2683,OmegaNetwork,53993
2684,Genesis Worlds,53155
2685,HappyFans,52795
2686,FACTS,52791
2687,FSOCIETY,52621
2688,Ansom,52533
2689,XTblock,52490
2690,beFITTER,52447
2691,Graviocoin,51955
2692,NicCageWaluigiElmo42069Inu,51843
2693,ZENZO,51818
2694,The Corgi of PolkaBridge,51770
2695,Agrello,51574
2696,Volta Protocol,51268
2697,MicroMoney,50508
2698,KAKA NFT World,50473
2699,Cross-Chain Bridge,50153
2700,5G-CASH,50143
2701,Hiveterminal,50057
2702,LayerNet,50037
2703,PymeDAO,49770
2704,Axial Token,49687
2705,XP,49506
2706,Douglas Adams,49473
2707,Synthetify,49272
2708,Xillion,48663
2709,Vidulum,48631
2710,Team Heretics Fan Token,48628
2711,Evedo,48572
2712,Yeti Finance,48558
2713,OnChain Pepe 404,48470
2714,Pineapple Owl,48215
2715,Dogira,48031
2716,Peachfolio,48000
2717,Billi,47933
2718,SuperBid,47873
2719,Index Coop - MATIC 2x Flexible Leverage Index,47667
2720,LocalTrade,47484
2721,Edain,47453
2722,EtherGem,47361
2723,Dot Dot Finance,47231
2724,Blepe,47087
2725,Crescent Network,47043
2726,ASIAN MOTHER,46912
2727,CryptoTanks,46903
2728,RCD Espanyol Fan Token,46783
2729,APYSwap,46730
2730,Meta Doge,46726
2731,Pera Finance,46674
2732,Maxi Barsik,46492
2733,KingU,46444
2734,GND Protocol,46434
2735,Wavelength,46302
2736,Waterfall Governance,46281
2737,TXA,46246
2738,Throne,39559
2739,ORO,39470
2740,Finminity,39308
2741,DeCats,39042
2742,Mackerel,38956
2743,Lokr,38628
2744,Centaur,38512
2745,Cardence,38233
2746,WOWswap,38221
2747,Dexsport,38208
2748,Asap Sniper Bot,37733
2749,Elon Xmas,37606
2750,SURFBOARD,37509
2751,Universe.XYZ,37480
2752,Element Black,37303
2753,Froggy,37280
2754,0.exchange,36695
2755,Feeder Finance,36630
2756,Fatih Karagümrük SK Fan Token,36571
2757,Curve Inu,36477
2758,WagyuSwap,36209
2759,Composite,36121
2760,ProjectOasis,35975
2761,HairyPlotterFTX,35872
2762,69420,35839
2763,StaySAFU,35782
2764,Argon,35707
2765,Cykura,35691
2766,SoMee.Social,35493
2767,Lunyr,35256
2768,Pepedex,35219
2769,Meerkat Shares,35101
2770,SOHOTRN,35039
2771,Boring Protocol,35028
2772,DungeonSwap,34942
2773,StrongHands Finance,34926
2774,Samurai Cat,34892
2775,Crown,34485
2776,BCPAY FinTech,34411
2777,Stablecomp,34340
2778,FlexMeme,34320
2779,Verso,34045
2780,Portion,28463
2781,ETHA Lend,26422
2782,Starter.xyz,25926
2783,PIPI,24120
2784,Tycoon,24116
2785,Uniwhale,24116
2786,kushcoin.sol,24070
2787,ROXY FROG,23957
2788,Bitball,23943
2789,Türkiye Basketbol Federasyonu Fan Token,23921
2790,Coin98 Dollar,23796
2791,TradeStars,23768
2792,Vesper V-Dollar,23614
2793,Insula,23494
2794,Ducky City,23284
2795,Swap,23277
